{"invariant_loss": 0.17471741139888763, "env_aware_loss": 0.11183039844036102, "envs_loss": 0.0, "L2_reg": 0.8568384647369385, "L1_reg": 0.20213957130908966, "loss": 1.345525860786438, "_timestamp": 1711023033.4552681, "_runtime": 444.7011282444, "_step": 3431, "env_diff_num": 0}