{"invariant_loss": 0.26504161953926086, "env_aware_loss": 0.15261748433113098, "envs_loss": 0.0, "L2_reg": 0.8507246971130371, "L1_reg": 0.20047138631343842, "loss": 1.4688551425933838, "_timestamp": 1711023408.01415, "_runtime": 819.2600100040436, "_step": 4165, "env_diff_num": 0, "_wandb": {"runtime": 206}}