{"invariant_loss": 2.321039915084839, "env_aware_loss": 8.480063438415527, "env_loss": 0.0, "L2_reg": 0.000472960586193949, "L1_reg": 0.0063673569820821285, "loss": 10.807944297790527, "_timestamp": 1711022457.25283, "_runtime": 1943.6990940570831, "_step": 1, "envs_loss": 0.0, "_wandb": {"runtime": 2066}}