{"invariant_loss": 0.1690196841955185, "env_aware_loss": 0.10032279789447784, "envs_loss": 0.0, "L2_reg": 0.8080239295959473, "L1_reg": 0.17398639023303986, "loss": 1.2513527870178223, "_timestamp": 1711028299.144047, "_runtime": 4856.550300121307, "_step": 32466, "env_diff_num": 0}